2769,.jpg
2197,.jpg
2291,.jpg
963,.jpg
1789,.jpg
1466,.jpg
3381,.jpg
1971,.jpg
1249,.jpg
2423,.jpg
859,.jpg
756,.jpg
2909,.jpg
2796,.jpg
3440,.jpg
841,.jpg
650,.jpg
2875,.jpg
899,.jpg
3267,.jpg
3301,.jpg
3050,.jpg
1872,.jpg
2788,.jpg
1582,.jpg
2091,.jpg
1137,.jpg
3583,.jpg
2653,.jpg
3085,.jpg
2462,.jpg
3585,.jpg
1845,.jpg
2853,.jpg
3117,.jpg
3276,.jpg
2081,.jpg
3525,.jpg
3533,.jpg
810,.jpg
1449,.jpg
2420,.jpg
2071,.jpg
3028,.jpg
3376,.jpg
3023,.jpg
2004,.jpg
2771,.jpg
1444,.jpg
1926,.jpg
2278,.jpg
2101,.jpg
3380,.jpg
1019,.jpg
2213,.jpg
2201,.jpg
2073,.jpg
2434,.jpg
2338,.jpg
683,.jpg
2514,.jpg
1183,.jpg
2247,.jpg
1330,.jpg
2187,.jpg
3370,.jpg
1960,.jpg
3232,.jpg
3005,.jpg
948,.jpg
1875,.jpg
944,.jpg
2277,.jpg
2995,.jpg
1048,.jpg
2628,.jpg
1912,.jpg
1517,.jpg
2173,.jpg
1596,.jpg
2182,.jpg
1874,.jpg
2572,.jpg
1708,.jpg
2852,.jpg
3268,.jpg
773,.jpg
1516,.jpg
2828,.jpg
1159,.jpg
3403,.jpg
847,.jpg
894,.jpg
1143,.jpg
2123,.jpg
1852,.jpg
1681,.jpg
2734,.jpg
1066,.jpg
3125,.jpg
8001,.jpg
1603,.jpg
2438,.jpg
1578,.jpg
1081,.jpg
2601,.jpg
1958,.jpg
3517,.jpg
1949,.jpg
1333,.jpg
809,.jpg
3263,.jpg
2112,.jpg
1534,.jpg
942,.jpg
1153,.jpg
1591,.jpg
2056,.jpg
3225,.jpg
815,.jpg
2829,.jpg
3518,.jpg
979,.jpg
2362,.jpg
845,.jpg
1315,.jpg
1010,.jpg
2926,.jpg
1234,.jpg
1537,.jpg
3277,.jpg
3360,.jpg
1413,.jpg
1770,.jpg
1815,.jpg
2987,.jpg
2407,.jpg
1782,.jpg
2314,.jpg
2689,.jpg
1863,.jpg
3106,.jpg
1978,.jpg
2948,.jpg
1610,.jpg
2966,.jpg
2064,.jpg
1214,.jpg
1691,.jpg
3395,.jpg
880,.jpg
1547,.jpg
3182,.jpg
2258,.jpg
1042,.jpg
2951,.jpg
863,.jpg
1961,.jpg
1853,.jpg
2916,.jpg
3161,.jpg
2634,.jpg
2681,.jpg
852,.jpg
2325,.jpg
2768,.jpg
1529,.jpg
1903,.jpg
2392,.jpg
2363,.jpg
3541,.jpg
2009,.jpg
2537,.jpg
1058,.jpg
2817,.jpg
957,.jpg
1513,.jpg
1897,.jpg
2594,.jpg
1411,.jpg
1289,.jpg
1689,.jpg
915,.jpg
1966,.jpg
1407,.jpg
3059,.jpg
1308,.jpg
1233,.jpg
1231,.jpg
898,.jpg
1568,.jpg
3194,.jpg
3093,.jpg
2577,.jpg
862,.jpg
831,.jpg
3242,.jpg
2331,.jpg
3192,.jpg
1821,.jpg
1749,.jpg
1678,.jpg
1598,.jpg
3266,.jpg
1311,.jpg
3286,.jpg
925,.jpg
1489,.jpg
2389,.jpg
2865,.jpg
1046,.jpg
2560,.jpg
1221,.jpg
1363,.jpg
976,.jpg
1378,.jpg
3040,.jpg
1459,.jpg
2044,.jpg
1495,.jpg
2409,.jpg
1673,.jpg
1032,.jpg
3445,.jpg
2233,.jpg
3572,.jpg
3405,.jpg
3058,.jpg
1388,.jpg
930,.jpg
1157,.jpg
3556,.jpg
3404,.jpg
1318,.jpg
2885,.jpg
2172,.jpg
1993,.jpg
1206,.jpg
2202,.jpg
1762,.jpg
3527,.jpg
867,.jpg
2922,.jpg
1103,.jpg
1304,.jpg
1628,.jpg
2368,.jpg
1232,.jpg
2326,.jpg
1601,.jpg
1717,.jpg
980,.jpg
1228,.jpg
1280,.jpg
2369,.jpg
2739,.jpg
2682,.jpg
2711,.jpg
2763,.jpg
2458,.jpg
2132,.jpg
3259,.jpg
1198,.jpg
2021,.jpg
1735,.jpg
1054,.jpg
1876,.jpg
1625,.jpg
2970,.jpg
2956,.jpg
2513,.jpg
2835,.jpg
3260,.jpg
1542,.jpg
3064,.jpg
2856,.jpg
3506,.jpg
1562,.jpg
2241,.jpg
2936,.jpg
1099,.jpg
1152,.jpg
1071,.jpg
2141,.jpg
2804,.jpg
2496,.jpg
2165,.jpg
3560,.jpg
983,.jpg
2571,.jpg
2821,.jpg
1210,.jpg
1009,.jpg
2120,.jpg
1722,.jpg
2416,.jpg
997,.jpg
2613,.jpg
1479,.jpg
3573,.jpg
1045,.jpg
2838,.jpg
2598,.jpg
1999,.jpg
1227,.jpg
3244,.jpg
2637,.jpg
1353,.jpg
1900,.jpg
2755,.jpg
2524,.jpg
1835,.jpg
1719,.jpg
3581,.jpg
1906,.jpg
1194,.jpg
1460,.jpg
2695,.jpg
1364,.jpg
2772,.jpg
2848,.jpg
1801,.jpg
3087,.jpg
1319,.jpg
1621,.jpg
2792,.jpg
2114,.jpg
3414,.jpg
2228,.jpg
1018,.jpg
2205,.jpg
3168,.jpg
2813,.jpg
2918,.jpg
2558,.jpg
3434,.jpg
2300,.jpg
1523,.jpg
3154,.jpg
1486,.jpg
2805,.jpg
2905,.jpg
2697,.jpg
2693,.jpg
3516,.jpg
1538,.jpg
1005,.jpg
2346,.jpg
2584,.jpg
1564,.jpg
1185,.jpg
2473,.jpg
1057,.jpg
3191,.jpg
2124,.jpg
1811,.jpg
2192,.jpg
2295,.jpg
1139,.jpg
2556,.jpg
1881,.jpg
2723,.jpg
1965,.jpg
3076,.jpg
1469,.jpg
2915,.jpg
3122,.jpg
2713,.jpg
2694,.jpg
1426,.jpg
1983,.jpg
2464,.jpg
3289,.jpg
2765,.jpg
3070,.jpg
1750,.jpg
3422,.jpg
2688,.jpg
3570,.jpg
2831,.jpg
1263,.jpg
3428,.jpg
2801,.jpg
3083,.jpg
2198,.jpg
3148,.jpg
2729,.jpg
1810,.jpg
2919,.jpg
2417,.jpg
1320,.jpg
1937,.jpg
3334,.jpg
2969,.jpg
1692,.jpg
1395,.jpg
2864,.jpg
3347,.jpg
2452,.jpg
1566,.jpg
1618,.jpg
3462,.jpg
2983,.jpg
3274,.jpg
3236,.jpg
1217,.jpg
1115,.jpg
2523,.jpg
2759,.jpg
2632,.jpg
1086,.jpg
1109,.jpg
1543,.jpg
2973,.jpg
1892,.jpg
2148,.jpg
1462,.jpg
2516,.jpg
2406,.jpg
2450,.jpg
3365,.jpg
1635,.jpg
1297,.jpg
2507,.jpg
2016,.jpg
2912,.jpg
2638,.jpg
2991,.jpg
1448,.jpg
2146,.jpg
3086,.jpg
1831,.jpg
2175,.jpg
2206,.jpg
1904,.jpg
1622,.jpg
3111,.jpg
1445,.jpg
2097,.jpg
3540,.jpg
3312,.jpg
2069,.jpg
2140,.jpg
2399,.jpg
3342,.jpg
3306,.jpg
2225,.jpg
2402,.jpg
2741,.jpg
2367,.jpg
2245,.jpg
2658,.jpg
1773,.jpg
3375,.jpg
2762,.jpg
2855,.jpg
1191,.jpg
1381,.jpg
2221,.jpg
2941,.jpg
2947,.jpg
2308,.jpg
1203,.jpg
3162,.jpg
2143,.jpg
2180,.jpg
2312,.jpg
2927,.jpg
1819,.jpg
2059,.jpg
3337,.jpg
1577,.jpg
2921,.jpg
2472,.jpg
2935,.jpg
1867,.jpg
3472,.jpg
3510,.jpg
2717,.jpg
2605,.jpg
3227,.jpg
3505,.jpg
1167,.jpg
2576,.jpg
2604,.jpg
2587,.jpg
3325,.jpg
2580,.jpg
2664,.jpg
3131,.jpg
2237,.jpg
3254,.jpg
3393,.jpg
1636,.jpg
1456,.jpg
3219,.jpg
1266,.jpg
1973,.jpg
2459,.jpg
2994,.jpg
2488,.jpg
3530,.jpg
2669,.jpg
1700,.jpg
1896,.jpg
1196,.jpg
2539,.jpg
2246,.jpg
2174,.jpg
1870,.jpg
2614,.jpg
1746,.jpg
2024,.jpg
1496,.jpg
2874,.jpg
1895,.jpg
2720,.jpg
2617,.jpg
3387,.jpg
3294,.jpg
2336,.jpg
3123,.jpg
3468,.jpg
2749,.jpg
2324,.jpg
2579,.jpg
1756,.jpg
3484,.jpg
2272,.jpg
2252,.jpg
3548,.jpg
2738,.jpg
1368,.jpg
3542,.jpg
2178,.jpg
2850,.jpg
2667,.jpg
2544,.jpg
1450,.jpg
2455,.jpg
1890,.jpg
2963,.jpg
2692,.jpg
1804,.jpg
1385,.jpg
3441,.jpg
3326,.jpg
2984,.jpg
2478,.jpg
1290,.jpg
2889,.jpg
3475,.jpg
3214,.jpg
3006,.jpg
1540,.jpg
1328,.jpg
3463,.jpg
2750,.jpg
3246,.jpg
2441,.jpg
2854,.jpg
2825,.jpg
1998,.jpg
1861,.jpg
2846,.jpg
3203,.jpg
3209,.jpg
2837,.jpg
1718,.jpg
2657,.jpg
1309,.jpg
2304,.jpg
2130,.jpg
1757,.jpg
2010,.jpg
3304,.jpg
1990,.jpg
2321,.jpg
3078,.jpg
3437,.jpg
1724,.jpg
2708,.jpg
2393,.jpg
3589,.jpg
2901,.jpg
3433,.jpg
2567,.jpg
2998,.jpg
1573,.jpg
2932,.jpg
2147,.jpg
3586,.jpg
2930,.jpg
3251,.jpg
2884,.jpg
3138,.jpg
1597,.jpg
1704,.jpg
1480,.jpg
1646,.jpg
2687,.jpg
1583,.jpg
3315,.jpg
2465,.jpg
3204,.jpg
2736,.jpg
1396,.jpg
1729,.jpg
1422,.jpg
3459,.jpg
1471,.jpg
3310,.jpg
2414,.jpg
1576,.jpg
1739,.jpg
1855,.jpg
2477,.jpg
1446,.jpg
1487,.jpg
1567,.jpg
1327,.jpg
2231,.jpg
2082,.jpg
2041,.jpg
1975,.jpg
2289,.jpg
3211,.jpg
2990,.jpg
1632,.jpg
3054,.jpg
1612,.jpg
2040,.jpg
2194,.jpg
2259,.jpg
1659,.jpg
1893,.jpg
1613,.jpg
1945,.jpg
2917,.jpg
1414,.jpg
3009,.jpg
1964,.jpg
3448,.jpg
3344,.jpg
1465,.jpg
2265,.jpg
2436,.jpg
2474,.jpg
3104,.jpg
3114,.jpg
3477,.jpg
3562,.jpg
2447,.jpg
2356,.jpg
1873,.jpg
3018,.jpg
1936,.jpg
2210,.jpg
2883,.jpg
2603,.jpg
3418,.jpg
1848,.jpg
2090,.jpg
2862,.jpg
2350,.jpg
1421,.jpg
2778,.jpg
3129,.jpg
3241,.jpg
2008,.jpg
1494,.jpg
1772,.jpg
2505,.jpg
2746,.jpg
2219,.jpg
2570,.jpg
3007,.jpg
2836,.jpg
1751,.jpg
1924,.jpg
1630,.jpg
1917,.jpg
1530,.jpg
1476,.jpg
2404,.jpg
1686,.jpg
2977,.jpg
2337,.jpg
2950,.jpg
2419,.jpg
2133,.jpg
2057,.jpg
1654,.jpg
3003,.jpg
2869,.jpg
2401,.jpg
2665,.jpg
2366,.jpg
3049,.jpg
2163,.jpg
1528,.jpg
2152,.jpg
2310,.jpg
2151,.jpg
1492,.jpg
2784,.jpg
2897,.jpg
3425,.jpg
3335,.jpg
3041,.jpg
2371,.jpg
1473,.jpg
2440,.jpg
3373,.jpg
1565,.jpg
2536,.jpg
2352,.jpg
1784,.jpg
1521,.jpg
3563,.jpg
2234,.jpg
1675,.jpg
2461,.jpg
1805,.jpg
2937,.jpg
3551,.jpg
1733,.jpg
2487,.jpg
827,.jpg
3098,.jpg
2282,.jpg
1988,.jpg
3034,.jpg
1549,.jpg
2624,.jpg
1737,.jpg
2663,.jpg
3359,.jpg
3044,.jpg
2779,.jpg
2454,.jpg
1843,.jpg
3250,.jpg
2160,.jpg
3039,.jpg
3324,.jpg
2522,.jpg
2777,.jpg
1593,.jpg
2373,.jpg
3410,.jpg
2818,.jpg
1606,.jpg
2096,.jpg
3252,.jpg
3055,.jpg
3181,.jpg
3072,.jpg
1726,.jpg
2253,.jpg
1813,.jpg
3407,.jpg
3110,.jpg
3322,.jpg
2767,.jpg
2844,.jpg
1695,.jpg
3547,.jpg
3164,.jpg
3389,.jpg
3532,.jpg
1572,.jpg
3400,.jpg
1594,.jpg
2841,.jpg
2615,.jpg
2025,.jpg
2968,.jpg
1668,.jpg
1764,.jpg
1631,.jpg
3128,.jpg
2126,.jpg
3397,.jpg
2098,.jpg
2433,.jpg
3149,.jpg
2649,.jpg
2843,.jpg
3046,.jpg
2422,.jpg
2744,.jpg
2690,.jpg
2017,.jpg
1847,.jpg
2013,.jpg
1640,.jpg
3582,.jpg
1997,.jpg
2730,.jpg
2704,.jpg
1620,.jpg
2923,.jpg
3271,.jpg
1844,.jpg
3176,.jpg
2888,.jpg
1614,.jpg
1744,.jpg
3089,.jpg
2332,.jpg
3139,.jpg
3379,.jpg
2333,.jpg
2670,.jpg
2493,.jpg
1826,.jpg
2444,.jpg
1696,.jpg
3001,.jpg
2168,.jpg
2212,.jpg
3187,.jpg
2894,.jpg
2662,.jpg
3396,.jpg
2341,.jpg
3584,.jpg
2138,.jpg
1921,.jpg
3444,.jpg
3183,.jpg
2934,.jpg
1679,.jpg
2807,.jpg
3024,.jpg
1991,.jpg
3543,.jpg
2578,.jpg
2426,.jpg
2676,.jpg
2800,.jpg
1803,.jpg
2696,.jpg
1953,.jpg
1774,.jpg
3153,.jpg
3291,.jpg
2066,.jpg
3330,.jpg
3316,.jpg
2533,.jpg
3580,.jpg
2037,.jpg
2256,.jpg
2686,.jpg
2485,.jpg
1793,.jpg
2273,.jpg
2254,.jpg
3317,.jpg
2460,.jpg
3345,.jpg
2429,.jpg
2211,.jpg
2117,.jpg
2232,.jpg
2027,.jpg
2457,.jpg
2376,.jpg
1909,.jpg
3492,.jpg
2184,.jpg
2209,.jpg
1790,.jpg
3285,.jpg
2158,.jpg
2375,.jpg
2319,.jpg
3399,.jpg
2545,.jpg
2121,.jpg
2641,.jpg
2475,.jpg
2721,.jpg
2999,.jpg
1919,.jpg
1766,.jpg
2394,.jpg
1787,.jpg
3257,.jpg
2466,.jpg
2789,.jpg
3065,.jpg
3374,.jpg
2353,.jpg
1972,.jpg
3353,.jpg
2030,.jpg
3231,.jpg
1934,.jpg
3521,.jpg
2053,.jpg
2555,.jpg
3361,.jpg
2528,.jpg
2470,.jpg
2036,.jpg
1979,.jpg
2972,.jpg
2832,.jpg
3482,.jpg
1824,.jpg
2640,.jpg
3508,.jpg
3297,.jpg
2609,.jpg
3147,.jpg
3014,.jpg
2305,.jpg
3354,.jpg
2377,.jpg
2345,.jpg
2026,.jpg
3228,.jpg
2203,.jpg
2448,.jpg
1818,.jpg
2652,.jpg
2301,.jpg
3079,.jpg
3368,.jpg
2873,.jpg
2684,.jpg
3455,.jpg
1968,.jpg
3411,.jpg
2608,.jpg
3160,.jpg
3417,.jpg
2775,.jpg
1866,.jpg
1839,.jpg
2532,.jpg
2284,.jpg
2088,.jpg
3141,.jpg
2903,.jpg
3431,.jpg
2997,.jpg
2656,.jpg
1823,.jpg
2724,.jpg
3173,.jpg
2548,.jpg
2740,.jpg
3514,.jpg
3063,.jpg
2463,.jpg
3427,.jpg
2679,.jpg
2292,.jpg
2239,.jpg
1956,.jpg
3047,.jpg
2274,.jpg
3474,.jpg
3029,.jpg
2787,.jpg
2003,.jpg
2215,.jpg
2005,.jpg
3264,.jpg
2527,.jpg
3142,.jpg
2561,.jpg
2079,.jpg
3256,.jpg
2297,.jpg
2424,.jpg
3275,.jpg
2015,.jpg
3175,.jpg
3287,.jpg
3331,.jpg
2349,.jpg
3358,.jpg
2439,.jpg
3362,.jpg
3042,.jpg
2870,.jpg
2732,.jpg
2554,.jpg
2565,.jpg
2891,.jpg
2023,.jpg
2280,.jpg
3536,.jpg
2593,.jpg
2910,.jpg
3258,.jpg
3239,.jpg
2492,.jpg
3075,.jpg
2443,.jpg
2378,.jpg
1932,.jpg
2619,.jpg
2745,.jpg
2302,.jpg
2137,.jpg
2480,.jpg
2967,.jpg
2890,.jpg
3090,.jpg
2243,.jpg
2569,.jpg
3464,.jpg
2582,.jpg
3115,.jpg
2343,.jpg
3351,.jpg
2618,.jpg
2515,.jpg
2621,.jpg
3272,.jpg
3456,.jpg
2468,.jpg
2038,.jpg
2131,.jpg
2839,.jpg
2269,.jpg
2714,.jpg
2812,.jpg
3554,.jpg
1986,.jpg
3073,.jpg
2327,.jpg
3350,.jpg
2425,.jpg
3539,.jpg
2924,.jpg
2167,.jpg
2858,.jpg
2868,.jpg
2675,.jpg
703,.jpg
2467,.jpg
3378,.jpg
2136,.jpg
2189,.jpg
2157,.jpg
3222,.jpg
3020,.jpg
3346,.jpg
2706,.jpg
2559,.jpg
3413,.jpg
2204,.jpg
2109,.jpg
3193,.jpg
2979,.jpg
3504,.jpg
2390,.jpg
2188,.jpg
2650,.jpg
3262,.jpg
2199,.jpg
3197,.jpg
3515,.jpg
2929,.jpg
3519,.jpg
2339,.jpg
3388,.jpg
3097,.jpg
3036,.jpg
3051,.jpg
3424,.jpg
2691,.jpg
3217,.jpg
2479,.jpg
3415,.jpg
2633,.jpg
3226,.jpg
2975,.jpg
2907,.jpg
2102,.jpg
3423,.jpg
3290,.jpg
3012,.jpg
2743,.jpg
2892,.jpg
2381,.jpg
2257,.jpg
2668,.jpg
2776,.jpg
2882,.jpg
3489,.jpg
3190,.jpg
2085,.jpg
2606,.jpg
3019,.jpg
3283,.jpg
2144,.jpg
2982,.jpg
3491,.jpg
3571,.jpg
3218,.jpg
3499,.jpg
3060,.jpg
2986,.jpg
2224,.jpg
3137,.jpg
3336,.jpg
3103,.jpg
2235,.jpg
2742,.jpg
3432,.jpg
3212,.jpg
3077,.jpg
2309,.jpg
2952,.jpg
3221,.jpg
2504,.jpg
2181,.jpg
2395,.jpg
2374,.jpg
3010,.jpg
2728,.jpg
2677,.jpg
3343,.jpg
2520,.jpg
2534,.jpg
3109,.jpg
3026,.jpg
2509,.jpg
2364,.jpg
2809,.jpg
3253,.jpg
3205,.jpg
2449,.jpg
2562,.jpg
2626,.jpg
2992,.jpg
3206,.jpg
3082,.jpg
2913,.jpg
3038,.jpg
2607,.jpg
2731,.jpg
2672,.jpg
2881,.jpg
2240,.jpg
2276,.jpg
2949,.jpg
3000,.jpg
2185,.jpg
2643,.jpg
3017,.jpg
2397,.jpg
2631,.jpg
2955,.jpg
3502,.jpg
3088,.jpg
3485,.jpg
3356,.jpg
2303,.jpg
2793,.jpg
2644,.jpg
2700,.jpg
2709,.jpg
3249,.jpg
3167,.jpg
2908,.jpg
3545,.jpg
2354,.jpg
2490,.jpg
3495,.jpg
3503,.jpg
2391,.jpg
2388,.jpg
3199,.jpg
2849,.jpg
2320,.jpg
2437,.jpg
2344,.jpg
2895,.jpg
3458,.jpg
2583,.jpg
3544,.jpg
2540,.jpg
3178,.jpg
2957,.jpg
2535,.jpg
3108,.jpg
2660,.jpg
3443,.jpg
3011,.jpg
2953,.jpg
2945,.jpg
2357,.jpg
3561,.jpg
2469,.jpg
3188,.jpg
2495,.jpg
2699,.jpg
2946,.jpg
2661,.jpg
3478,.jpg
2430,.jpg
2453,.jpg
3132,.jpg
3243,.jpg
3436,.jpg
2610,.jpg
3308,.jpg
3113,.jpg
3439,.jpg
2781,.jpg
2920,.jpg
3025,.jpg
2511,.jpg
3180,.jpg
3094,.jpg
3385,.jpg
3523,.jpg
2766,.jpg
3577,.jpg
3048,.jpg
2494,.jpg
2671,.jpg
2585,.jpg
2525,.jpg
2822,.jpg
3299,.jpg
2491,.jpg
3382,.jpg
3558,.jpg
3248,.jpg
2959,.jpg
2616,.jpg
3215,.jpg
2481,.jpg
2814,.jpg
2705,.jpg
2484,.jpg
3512,.jpg
2412,.jpg
2596,.jpg
2898,.jpg
3487,.jpg
3095,.jpg
2911,.jpg
3480,.jpg
2542,.jpg
2833,.jpg
3569,.jpg
3133,.jpg
3398,.jpg
2877,.jpg
3311,.jpg
2549,.jpg
3488,.jpg
2642,.jpg
3465,.jpg
2486,.jpg
3245,.jpg
2715,.jpg
2712,.jpg
3320,.jpg
3200,.jpg
2678,.jpg
2602,.jpg
3013,.jpg
2810,.jpg
2707,.jpg
2489,.jpg
3490,.jpg
3278,.jpg
3300,.jpg
2597,.jpg
2629,.jpg
3391,.jpg
3247,.jpg
3112,.jpg
3043,.jpg
3412,.jpg
2785,.jpg
2574,.jpg
3033,.jpg
2820,.jpg
2783,.jpg
3302,.jpg
3578,.jpg
3429,.jpg
3265,.jpg
3016,.jpg
3151,.jpg
2879,.jpg
2871,.jpg
2790,.jpg
3144,.jpg
2589,.jpg
2954,.jpg
3155,.jpg
3507,.jpg
3453,.jpg
2727,.jpg
3186,.jpg
3408,.jpg
2840,.jpg
3119,.jpg
2685,.jpg
3223,.jpg
2646,.jpg
3233,.jpg
3579,.jpg
3202,.jpg
3146,.jpg
3130,.jpg
3163,.jpg
3210,.jpg
3135,.jpg
3588,.jpg
2797,.jpg
3451,.jpg
3035,.jpg
2851,.jpg
3566,.jpg
3538,.jpg
2673,.jpg
3454,.jpg
3466,.jpg
3052,.jpg
2861,.jpg
3535,.jpg
2733,.jpg
2798,.jpg
3469,.jpg
3037,.jpg
2782,.jpg
2988,.jpg
3392,.jpg
3169,.jpg
3157,.jpg
3189,.jpg
3068,.jpg
3553,.jpg
2756,.jpg
3500,.jpg
3184,.jpg
3497,.jpg
3201,.jpg
3473,.jpg
3564,.jpg
2826,.jpg
3282,.jpg
2726,.jpg
3171,.jpg
3021,.jpg
2944,.jpg
3559,.jpg
2872,.jpg
2904,.jpg
3196,.jpg
2754,.jpg
3493,.jpg
3269,.jpg
2887,.jpg
3074,.jpg
3015,.jpg
2780,.jpg
3537,.jpg
3402,.jpg
3471,.jpg
3293,.jpg
3237,.jpg
2795,.jpg
3179,.jpg
3140,.jpg
2819,.jpg
3369,.jpg
3238,.jpg
3057,.jpg
2906,.jpg
3127,.jpg
3235,.jpg
2914,.jpg
3216,.jpg
3567,.jpg
2974,.jpg
3384,.jpg
3136,.jpg
2900,.jpg
3053,.jpg
3409,.jpg
3255,.jpg
2989,.jpg
2958,.jpg
1808,.jpg
3457,.jpg
3100,.jpg
3513,.jpg
2962,.jpg
3531,.jpg
3377,.jpg
3207,.jpg
3524,.jpg
3509,.jpg
2931,.jpg
3303,.jpg
2942,.jpg
3587,.jpg
3062,.jpg
2978,.jpg
3461,.jpg
2980,.jpg
3177,.jpg
3329,.jpg
2985,.jpg
3338,.jpg
3092,.jpg
3447,.jpg
3467,.jpg
3230,.jpg
3298,.jpg
3421,.jpg
3045,.jpg
3565,.jpg
3208,.jpg
3426,.jpg
3143,.jpg
3349,.jpg
3419,.jpg
3367,.jpg
3069,.jpg
3158,.jpg
3004,.jpg
3080,.jpg
3364,.jpg
3496,.jpg
3295,.jpg
3213,.jpg
3107,.jpg
3105,.jpg
3124,.jpg
3339,.jpg
3318,.jpg
3240,.jpg
3555,.jpg
1478,.jpg
3056,.jpg
3150,.jpg
3084,.jpg
3234,.jpg
3435,.jpg
3121,.jpg
3152,.jpg
3494,.jpg
3546,.jpg
3165,.jpg
3307,.jpg
3261,.jpg
3288,.jpg
3229,.jpg
3420,.jpg
3549,.jpg
3174,.jpg
3552,.jpg
3313,.jpg
3575,.jpg
3284,.jpg
3156,.jpg
3460,.jpg
3511,.jpg
3498,.jpg
3450,.jpg
3372,.jpg
3481,.jpg
3470,.jpg
3442,.jpg
3220,.jpg
3355,.jpg
3357,.jpg
3279,.jpg
3574,.jpg
3224,.jpg
3568,.jpg
3363,.jpg
3309,.jpg
3430,.jpg
3452,.jpg
3520,.jpg
3534,.jpg
3323,.jpg
3446,.jpg
3479,.jpg
3383,.jpg
3486,.jpg
3281,.jpg
3333,.jpg
3321,.jpg
3483,.jpg
3449,.jpg
800,.jpg
3438,.jpg
3296,.jpg
3340,.jpg
3328,.jpg
3305,.jpg
3590,.jpg
3352,.jpg
1600,.jpg
3557,.jpg
3273,.jpg
3386,.jpg
3348,.jpg
3529,.jpg
3270,.jpg
3319,.jpg
3501,.jpg
3476,.jpg
3314,.jpg
3550,.jpg
3327,.jpg
3390,.jpg
3526,.jpg
3371,.jpg
3366,.jpg
3528,.jpg
3401,.jpg
3341,.jpg
3280,.jpg
3416,.jpg
3292,.jpg
3394,.jpg
3522,.jpg
3406,.jpg
3332,.jpg
3576,.jpg
